{"mean":{"confidence_interval":{"confidence_level":0.95,"lower_bound":-0.0188732125559858,"upper_bound":0.025931488639017525},"point_estimate":0.0001292561515973123,"standard_error":0.01153639610217285},"median":{"confidence_interval":{"confidence_level":0.95,"lower_bound":-0.06522677630977036,"upper_bound":0.03974561025328183},"point_estimate":0.023509679510491877,"standard_error":0.02819478425056891}}