{"mean":{"confidence_interval":{"confidence_level":0.95,"lower_bound":-0.08685118776159584,"upper_bound":-0.07091364927135449},"point_estimate":-0.07889613792930861,"standard_error":0.003991063574921673},"median":{"confidence_interval":{"confidence_level":0.95,"lower_bound":-0.0978293289418869,"upper_bound":-0.08661688555806957},"point_estimate":-0.09479410902677199,"standard_error":0.0028433264547695195}}