{"mean":{"confidence_interval":{"confidence_level":0.95,"lower_bound":105326.76590859408,"upper_bound":106385.50435224046},"point_estimate":105823.40323138265,"standard_error":270.6236806843733},"median":{"confidence_interval":{"confidence_level":0.95,"lower_bound":104531.66626506024,"upper_bound":105033.77537878788},"point_estimate":104679.27989078822,"standard_error":116.3977397705996},"median_abs_dev":{"confidence_interval":{"confidence_level":0.95,"lower_bound":692.8022731556613,"upper_bound":1422.6120844176485},"point_estimate":945.5179036935766,"standard_error":178.05794142271603},"slope":{"confidence_interval":{"confidence_level":0.95,"lower_bound":104815.40300487963,"upper_bound":105609.38183705053},"point_estimate":105184.07692921531,"standard_error":201.8694289319872},"std_dev":{"confidence_interval":{"confidence_level":0.95,"lower_bound":1960.8243075842986,"upper_bound":3451.9046076912728},"point_estimate":2735.5499071031522,"standard_error":382.8185824264299}}