{"mean":{"confidence_interval":{"confidence_level":0.95,"lower_bound":-0.019061374174328325,"upper_bound":0.01903923640752343},"point_estimate":0.00018866266924488784,"standard_error":0.009742162247526909},"median":{"confidence_interval":{"confidence_level":0.95,"lower_bound":-0.04031417657318237,"upper_bound":0.017978124781726335},"point_estimate":-0.013763595871786327,"standard_error":0.014781938605825334}}