{"mean":{"confidence_interval":{"confidence_level":0.95,"lower_bound":-0.06938903620601536,"upper_bound":-0.04908385767035294},"point_estimate":-0.06017483323821704,"standard_error":0.005256558447787898},"median":{"confidence_interval":{"confidence_level":0.95,"lower_bound":-0.07849803716666881,"upper_bound":-0.057087185279754135},"point_estimate":-0.07217437554688155,"standard_error":0.005186691800962011}}