{"mean":{"confidence_interval":{"confidence_level":0.95,"lower_bound":-0.0513295165435955,"upper_bound":-0.02061072412157653},"point_estimate":-0.03472445753087661,"standard_error":0.007845517434001697},"median":{"confidence_interval":{"confidence_level":0.95,"lower_bound":-0.04817885617346973,"upper_bound":-0.03198044581856363},"point_estimate":-0.0424782960069805,"standard_error":0.004006409017074534}}