{"mean":{"confidence_interval":{"confidence_level":0.95,"lower_bound":-0.11390708454064866,"upper_bound":-0.08340592284910005},"point_estimate":-0.09734818897091058,"standard_error":0.007819848954079965},"median":{"confidence_interval":{"confidence_level":0.95,"lower_bound":-0.09396691141658449,"upper_bound":-0.0774265176587896},"point_estimate":-0.08647953909302619,"standard_error":0.004180666834386768}}