{"mean":{"confidence_interval":{"confidence_level":0.95,"lower_bound":-0.10138725732582712,"upper_bound":-0.0887820670884239},"point_estimate":-0.09525397325094109,"standard_error":0.003222393129757031},"median":{"confidence_interval":{"confidence_level":0.95,"lower_bound":-0.10712200233171683,"upper_bound":-0.0976504182272041},"point_estimate":-0.10130206331690528,"standard_error":0.002380601353388646}}