{"mean":{"confidence_interval":{"confidence_level":0.95,"lower_bound":-0.07287889814084673,"upper_bound":-0.056578544058107395},"point_estimate":-0.06462128443328596,"standard_error":0.004154367055075881},"median":{"confidence_interval":{"confidence_level":0.95,"lower_bound":-0.08430040578623443,"upper_bound":-0.06838684001124928},"point_estimate":-0.07484020687725357,"standard_error":0.004407604406169027}}