{"mean":{"confidence_interval":{"confidence_level":0.95,"lower_bound":-0.11355000219082605,"upper_bound":-0.10665483258784914},"point_estimate":-0.11018314849393762,"standard_error":0.0017537945346788885},"median":{"confidence_interval":{"confidence_level":0.95,"lower_bound":-0.11966994843902487,"upper_bound":-0.11245395625960358},"point_estimate":-0.11701759907750697,"standard_error":0.0018774946356823882}}