{"mean":{"confidence_interval":{"confidence_level":0.95,"lower_bound":-0.10148080977846165,"upper_bound":-0.08790419092187143},"point_estimate":-0.09480601982276993,"standard_error":0.003440028104052944},"median":{"confidence_interval":{"confidence_level":0.95,"lower_bound":-0.1085654790709738,"upper_bound":-0.10217533947398383},"point_estimate":-0.10459536812750236,"standard_error":0.001614756795455873}}