{"mean":{"confidence_interval":{"confidence_level":0.95,"lower_bound":-0.07729381350970582,"upper_bound":-0.05979333818608328},"point_estimate":-0.06851129468794603,"standard_error":0.004455150010987576},"median":{"confidence_interval":{"confidence_level":0.95,"lower_bound":-0.08135982332096159,"upper_bound":-0.06327264209480843},"point_estimate":-0.07139179775165572,"standard_error":0.004722682260537306}}