{"mean":{"confidence_interval":{"confidence_level":0.95,"lower_bound":-0.13182933503644742,"upper_bound":-0.1051643238068097},"point_estimate":-0.1183206374658694,"standard_error":0.006788373028686479},"median":{"confidence_interval":{"confidence_level":0.95,"lower_bound":-0.11737060908981556,"upper_bound":-0.10309364750280203},"point_estimate":-0.1089533321802566,"standard_error":0.003793238383586204}}