{"mean":{"confidence_interval":{"confidence_level":0.95,"lower_bound":-0.019348831282359792,"upper_bound":0.009652208656962181},"point_estimate":-0.005125208585431085,"standard_error":0.007446054662926089},"median":{"confidence_interval":{"confidence_level":0.95,"lower_bound":-0.07421888929443277,"upper_bound":0.02108830375572035},"point_estimate":-0.04998103474247939,"standard_error":0.029573500209132905}}