{"mean":{"confidence_interval":{"confidence_level":0.95,"lower_bound":-0.09170997158361505,"upper_bound":-0.08384932821098982},"point_estimate":-0.0878973452647075,"standard_error":0.002015439614049483},"median":{"confidence_interval":{"confidence_level":0.95,"lower_bound":-0.09398304645881661,"upper_bound":-0.08791631379880349},"point_estimate":-0.09147542619121429,"standard_error":0.0014949983946127763}}