{"mean":{"confidence_interval":{"confidence_level":0.95,"lower_bound":-0.1011289153276451,"upper_bound":-0.08892750669306267},"point_estimate":-0.09550742666720902,"standard_error":0.003169327143561307},"median":{"confidence_interval":{"confidence_level":0.95,"lower_bound":-0.10965501653607579,"upper_bound":-0.10386158614049656},"point_estimate":-0.10700372349265985,"standard_error":0.0015388005534482051}}