{"mean":{"confidence_interval":{"confidence_level":0.95,"lower_bound":-0.025527849989300754,"upper_bound":-0.006103822611036228},"point_estimate":-0.015531559134323025,"standard_error":0.004962198015555601},"median":{"confidence_interval":{"confidence_level":0.95,"lower_bound":-0.024195967084879477,"upper_bound":-0.006322438938680865},"point_estimate":-0.014286645850283164,"standard_error":0.004987723455878251}}